ticket,opening_time_utc,closing_time_utc,type,lots,original_position_size,symbol,opening_price,closing_price,stop_loss,take_profit,commission,swap,profit,equity,margin_level,close_reason
418794786,2026-07-31T19:07:13,2026-07-31T19:07:42,sell,0.01,0.01,XAUUSDm,4048.905,4048.758,,,,,0.15,,,user
418738912,2026-07-31T16:17:28,2026-07-31T16:18:05,buy,0.01,0.01,XAUUSDm,4044.62,4044.885,4044.668,,,,0.27,,,user
418737629,2026-07-31T16:15:16,2026-07-31T16:16:33,sell,0.01,0.01,XAUUSDm,4045.946,4044.544,4045.874,,,,1.41,,,user
418554660,2026-07-31T13:00:41,2026-07-31T13:04:57,buy,0.01,0.01,XAUUSDm,4039.19,4039.329,4039.329,,,,0.14,,,sl
418546793,2026-07-31T12:54:46,2026-07-31T12:58:51,buy,0.01,0.01,XAUUSDm,4045.532,4040.748,4040.748,,,,-4.78,,,sl
418538926,2026-07-31T12:46:44,2026-07-31T12:49:27,buy,0.01,0.01,XAUUSDm,4044.627,4041.872,4041.872,,,,-2.76,,,sl
418527764,2026-07-31T12:32:45,2026-07-31T12:46:31,sell,0.01,0.01,USOILm,83.444,83.759,83.759,,,,-3.15,,,sl
418519474,2026-07-31T12:25:36,2026-07-31T12:32:34,buy,0.01,0.01,USOILm,83.625,83.455,83.462,83.657,,,-1.7,,,sl
418508016,2026-07-31T12:06:40,2026-07-31T12:13:12,buy,0.01,0.01,USOILm,83.592,83.598,83.598,84.654,,,0.06,,,sl
418499769,2026-07-31T11:50:14,2026-07-31T12:02:01,sell,0.01,0.01,USOILm,83.256,83.554,83.554,,,,-2.98,,,sl
418472972,2026-07-31T10:58:19,2026-07-31T11:16:02,buy,0.01,0.01,XAUUSDm,4054.496,4055.517,4055.517,,,,1.02,,,sl
418464937,2026-07-31T10:33:14,2026-07-31T10:48:42,buy,0.01,0.01,XAUUSDm,4055.756,4055.827,4055.827,,,,0.07,,,sl
418092422,2026-07-30T20:32:50,2026-07-30T22:11:22,sell,0.01,0.01,USOILm,82.837,82.838,82.838,,,,-0.01,,,sl
418055825,2026-07-30T17:54:59,2026-07-30T17:55:31,buy,0.01,0.01,XAUUSDm,4103.557,4101.771,4101.771,,,,-1.79,,,sl
418042559,2026-07-30T17:27:54,2026-07-30T17:31:02,buy,0.01,0.01,USOILm,82.556,82.558,82.558,,,,0.02,,,sl
418040719,2026-07-30T17:22:17,2026-07-30T17:26:03,buy,0.01,0.01,XAUUSDm,4105.815,4105.846,4105.846,,,,0.03,,,sl
418036714,2026-07-30T17:11:49,2026-07-30T17:16:46,buy,0.01,0.01,USOILm,82.727,82.729,82.729,,,,0.02,,,sl
418035790,2026-07-30T17:07:00,2026-07-30T17:09:07,buy,0.01,0.01,XAUUSDm,4108.2,4107.8460000000005,4106.2,,,,-0.35,,,user
418031866,2026-07-30T16:55:23,2026-07-30T17:02:48,buy,0.01,0.01,XAUUSDm,4107.73,4107.736,4107.736,,,,0.01,,,sl
418029764,2026-07-30T16:50:08,2026-07-30T16:54:05,buy,0.01,0.01,XAUUSDm,4109.432,4107.119,4107.119,,,,-2.31,,,sl
418022034,2026-07-30T16:35:00,2026-07-30T16:37:25,buy,0.01,0.01,XAUUSDm,4113.54,4111.628,4111.628,,,,-1.91,,,sl
418021201,2026-07-30T16:33:54,2026-07-30T16:34:33,buy,0.01,0.01,XAUUSDm,4115.246,4113.392,4113.392,,,,-1.86,,,sl
418018632,2026-07-30T16:27:44,2026-07-30T16:34:19,buy,0.01,0.01,XAUUSDm,4117.114,4113.683,4113.683,4123.879,,,-3.43,,,sl
418020716,2026-07-30T16:32:28,2026-07-30T16:33:42,buy,0.01,0.01,XAUUSDm,4115.194,4115.284,4115.284,,,,0.09,,,sl
418011716,2026-07-30T16:14:12,2026-07-30T16:19:15,sell,0.01,0.01,XAUUSDm,4113.609,4115.577,4116.674,,,,-1.97,,,user
418006955,2026-07-30T16:07:04,2026-07-30T16:11:43,sell,0.01,0.01,XAUUSDm,4111.75,4111.688,4111.688,,,,0.06,,,sl
417999165,2026-07-30T15:56:10,2026-07-30T16:00:13,sell,0.01,0.01,XAUUSDm,4108.234,4111.215999999999,4110.704,,,,-2.99,,,sl
417997846,2026-07-30T15:54:40,2026-07-30T15:55:07,sell,0.01,0.01,XAUUSDm,4106.218,4108.62,4108.62,,,,-2.4,,,sl
417996477,2026-07-30T15:51:35,2026-07-30T15:53:10,sell,0.01,0.01,XAUUSDm,4106.991,4106.959,4106.959,,,,0.03,,,sl
417995326,2026-07-30T15:49:15,2026-07-30T15:51:19,sell,0.01,0.01,XAUUSDm,4105.5,4107.48,4107.48,,,,-1.98,,,sl
417038440,2026-07-29T16:35:16,2026-07-29T16:36:03,sell,0.01,0.01,XAUUSDm,4017.07,4017.031,4017.025,,,,0.04,,,sl
416792996,2026-07-29T11:58:03,2026-07-29T12:26:25,buy,0.01,0.01,USOILm,81.615,83.245,82.837,,,,16.3,,,user
416756329,2026-07-29T10:47:39,2026-07-29T11:04:43,buy,0.01,0.01,USOILm,81.918,82.156,81.919,,,,2.38,,,user
416374503,2026-07-28T17:40:44,2026-07-28T21:09:19,sell,0.01,0.01,EURUSDm,1.13927,1.13926,1.13926,1.13537,,,0.01,,,sl
416373082,2026-07-28T17:38:18,2026-07-28T17:48:27,buy,0.01,0.01,USOILm,78.473,78.475,78.475,80.642,,,0.02,,,sl
416372664,2026-07-28T17:37:22,2026-07-28T17:37:44,buy,0.01,0.01,XAUUSDm,4033.408,4032.139,4032.248,,,,-1.27,,,sl
416370452,2026-07-28T17:31:56,2026-07-28T17:35:49,buy,0.01,0.01,XAUUSDm,4035.446,4034.099,4034.099,,,,-1.35,,,sl
416368460,2026-07-28T17:26:03,2026-07-28T17:28:49,buy,0.01,0.01,XAUUSDm,4037.273,4037.285,4037.285,,,,0.02,,,sl
416364115,2026-07-28T17:16:05,2026-07-28T17:22:33,buy,0.01,0.01,XAUUSDm,4036.497,4037.773,4036.554,,,,1.27,,,user
416361208,2026-07-28T17:08:45,2026-07-28T17:10:41,sell,0.01,0.01,XAUUSDm,4039.515,4038.279,4039.511,,,,1.24,,,user
416352690,2026-07-28T16:48:22,2026-07-28T16:52:54,buy,0.01,0.01,XAUUSDm,4039.09,4037.304,4037.304,,,,-1.79,,,sl
415665268,2026-07-27T17:15:18,2026-07-27T17:17:03,sell,0.01,0.01,XAUUSDm,4073.04,4075.724,4075.724,,,,-2.68,,,sl
414802894,2026-07-26T08:04:52,2026-07-26T11:10:27,buy,0.01,0.01,BTCUSDm,64302.54,64438.310000000005,,,,,1.35,,,user
414752831,2026-07-25T10:19:35,2026-07-25T11:03:38,sell,0.01,0.01,BTCUSDm,63966.37,64036.64,64036.64,63728.46,,,-0.71,,,sl
414532563,2026-07-24T13:50:42,2026-07-24T13:52:36,sell,0.01,0.01,XAUUSDm,4057.623,4057.711,4057.566,,,,-0.09,,,sl
414483722,2026-07-24T12:53:16,2026-07-24T12:55:20,sell,0.01,0.01,USOILm,88.133,88.13,88.13,,,,0.03,,,sl
414474918,2026-07-24T12:35:10,2026-07-24T12:52:32,buy,0.01,0.01,USOILm,88.147,88.142,88.147,,,,-0.05,,,sl
414481749,2026-07-24T12:47:58,2026-07-24T12:52:21,buy,0.01,0.01,XAUUSDm,4052.822,4054.453,4052.831,,,,1.63,,,user
414474803,2026-07-24T12:34:56,2026-07-24T12:35:01,buy,0.01,0.01,USOILm,88.171,88.074,88.097,,,,-0.97,,,sl
414474112,2026-07-24T12:33:22,2026-07-24T12:34:12,buy,0.01,0.01,USOILm,88.214,88.212,88.109,,,,-0.02,,,user
414473021,2026-07-24T12:30:59,2026-07-24T12:31:30,sell,0.01,0.01,XAUUSDm,4058.765,4057.8179999999998,4062.012,,,,0.95,,,user
414471678,2026-07-24T12:27:41,2026-07-24T12:28:48,sell,0.01,0.01,XAUUSDm,4059.93,4059.873,4059.873,,,,0.06,,,sl
414470387,2026-07-24T12:25:12,2026-07-24T12:27:32,sell,0.01,0.01,XAUUSDm,4056.634,4060.004,4060.004,,,,-3.37,,,sl
414469362,2026-07-24T12:23:44,2026-07-24T12:25:02,sell,0.01,0.01,XAUUSDm,4057.016,4059.106,4059.106,,,,-2.09,,,sl
414468021,2026-07-24T12:19:56,2026-07-24T12:22:13,sell,0.01,0.01,XAUUSDm,4056.449,4056.044,4058.648,,,,0.41,,,user
414459195,2026-07-24T12:00:38,2026-07-24T12:08:31,buy,0.01,0.01,USOILm,88.04,88.638,88.041,,,,5.98,,,user
414443852,2026-07-24T11:36:38,2026-07-24T11:45:49,sell,0.01,0.01,XAUUSDm,4059.214,4056.865,4059.201,,,,2.34,,,user
414419200,2026-07-24T10:29:39,2026-07-24T11:03:47,sell,0.01,0.01,XAUUSDm,4062.743,4062.711,4062.711,,,,0.03,,,sl
414416087,2026-07-24T10:26:11,2026-07-24T10:27:58,sell,0.01,0.01,XAUUSDm,4060.998,4063.337,4063.337,,,,-2.34,,,sl
414409241,2026-07-24T10:13:21,2026-07-24T10:24:20,buy,0.01,0.01,USOILm,88.24,88.242,88.242,,,,0.02,,,sl
414413392,2026-07-24T10:19:26,2026-07-24T10:23:29,sell,0.01,0.01,XAUUSDm,4060.246,4061.107,4062.067,,,,-0.86,,,user
414405520,2026-07-24T10:05:08,2026-07-24T10:12:04,sell,0.01,0.01,XAUUSDm,4059.804,4059.04,4061.526,,,,0.76,,,user
414368032,2026-07-24T08:59:46,2026-07-24T09:03:46,sell,0.01,0.01,XAUUSDm,4058.05,4058.045,4058.045,,,,,,,sl
414364591,2026-07-24T08:54:53,2026-07-24T08:59:31,sell,0.01,0.01,XAUUSDm,4055.954,4058.965,4058.965,,,,-3.02,,,sl
414037797,2026-07-23T19:00:27,2026-07-23T19:21:01,sell,0.01,0.01,XAUUSDm,4048.101,4046.083,4048.057,,,,2.02,,,user
414035944,2026-07-23T18:51:01,2026-07-23T18:59:49,sell,0.01,0.01,XAUUSDm,4046.601,4046.576,4046.576,,,,0.02,,,sl
413987058,2026-07-23T16:10:16,2026-07-23T16:16:19,buy,0.01,0.01,XAUUSDm,4048.424,4048.459,4048.459,,,,0.04,,,sl
413986218,2026-07-23T16:06:48,2026-07-23T16:09:19,buy,0.01,0.01,XAUUSDm,4048.714,4048.726,4048.726,,,,0.02,,,sl
413883111,2026-07-23T13:55:17,2026-07-23T14:03:41,sell,0.01,0.01,XAUUSDm,4057.285,4044.958,4056.676,,,,12.33,,,user
413882330,2026-07-23T13:54:33,2026-07-23T13:54:48,sell,0.01,0.01,XAUUSDm,4056.184,4055.96,4061.188,,,,0.22,,,user
413880115,2026-07-23T13:52:11,2026-07-23T13:53:51,sell,0.01,0.01,XAUUSDm,4053.172,4057.194,4057.194,,,,-4.02,,,sl
413860583,2026-07-23T13:35:51,2026-07-23T13:43:04,sell,0.01,0.01,XAUUSDm,4063.386,4060.6369999999997,4063.334,,,,2.75,,,user
413858833,2026-07-23T13:34:47,2026-07-23T13:35:13,buy,0.01,0.01,XAUUSDm,4063.57,4063.4900000000002,4060.315,,,,-0.08,,,user
413852899,2026-07-23T13:30:59,2026-07-23T13:32:42,sell,0.01,0.01,XAUUSDm,4061.134,4063.814,4063.814,,,,-2.68,,,sl
413849457,2026-07-23T13:29:29,2026-07-23T13:29:33,sell,0.01,0.01,XAUUSDm,4056.514,4058.72,4058.72,,,,-2.21,,,sl
413842120,2026-07-23T13:22:27,2026-07-23T13:28:07,sell,0.01,0.01,XAUUSDm,4050.76,4055.562,4055.562,,,,-4.8,,,sl
413833437,2026-07-23T13:16:59,2026-07-23T13:19:06,sell,0.01,0.01,XAUUSDm,4042.724,4048.5519999999997,4047.9,,,,-5.83,,,sl
413826722,2026-07-23T13:11:44,2026-07-23T13:12:41,sell,0.01,0.01,XAUUSDm,4043.65,4043.603,4043.603,,,,0.05,,,sl
413821105,2026-07-23T13:09:48,2026-07-23T13:10:24,buy,0.01,0.01,XAUUSDm,4047.278,4042.2470000000003,4044.247,,,,-5.03,,,sl
413806243,2026-07-23T13:03:00,2026-07-23T13:07:00,sell,0.01,0.01,XAUUSDm,4057.994,4048.602,4057.853,,,,9.39,,,user
413804706,2026-07-23T13:02:00,2026-07-23T13:02:17,buy,0.01,0.01,XAUUSDm,4057.024,4057.352,4057.352,,,,0.33,,,sl
413799940,2026-07-23T13:00:12,2026-07-23T13:01:27,buy,0.01,0.01,XAUUSDm,4061.777,4059.214,4059.214,,,,-2.57,,,sl
413792326,2026-07-23T12:51:41,2026-07-23T12:54:38,sell,0.01,0.01,XAUUSDm,4067.572,4064.006,4066.232,,,,3.56,,,user
413787297,2026-07-23T12:46:54,2026-07-23T12:51:16,buy,0.01,0.01,XAUUSDm,4066.587,4066.766,4062.443,,,,0.18,,,user
413613284,2026-07-23T08:40:40,2026-07-23T09:02:03,sell,0.01,0.01,USOILm,88.682,88.674,88.674,,,,0.08,,,sl
413586158,2026-07-23T08:00:14,2026-07-23T08:11:10,buy,0.01,0.01,XAUUSDm,4096.611,4094.33,4092.676,,,,-2.28,,,user
413580837,2026-07-23T07:54:13,2026-07-23T07:57:46,buy,0.01,0.01,XAUUSDm,4091.838,4094.416,4093.179,,,,2.58,,,user
413579326,2026-07-23T07:53:34,2026-07-23T07:53:41,buy,0.01,0.01,XAUUSDm,4091.938,4090.176,4090.176,,,,-1.76,,,sl
413575944,2026-07-23T07:49:30,2026-07-23T07:52:00,buy,0.01,0.01,XAUUSDm,4092.983,4092.469,4093.081,,,,-0.51,,,sl
413575616,2026-07-23T07:49:14,2026-07-23T07:49:15,buy,0.01,0.01,XAUUSDm,4093.316,4092.244,4092.244,,,,-1.08,,,sl
413572790,2026-07-23T07:46:46,2026-07-23T07:47:38,buy,0.01,0.01,XAUUSDm,4094.491,4091.358,4091.358,,,,-3.13,,,sl
413570612,2026-07-23T07:44:56,2026-07-23T07:46:20,buy,0.01,0.01,XAUUSDm,4095.716,4092.736,4092.736,,,,-2.98,,,sl
413568748,2026-07-23T07:43:38,2026-07-23T07:44:21,buy,0.01,0.01,XAUUSDm,4094.931,4094.952,4094.952,,,,0.02,,,sl
413562294,2026-07-23T07:40:09,2026-07-23T07:42:17,buy,0.01,0.01,XAUUSDm,4101.354,4098.613,4098.613,,,,-2.74,,,sl
413559307,2026-07-23T07:37:31,2026-07-23T07:38:48,buy,0.01,0.01,XAUUSDm,4104.691,4100.255,4101.017,,,,-4.43,,,sl
413283744,2026-07-22T19:25:13,2026-07-22T19:36:19,buy,0.01,0.01,XAUUSDm,4134.678,4134.689,4134.689,,,,0.01,,,sl
413273604,2026-07-22T18:38:59,2026-07-22T19:00:08,buy,0.01,0.01,XAUUSDm,4135.425,4135.439,4135.439,4165.74,,,0.01,,,sl
413235445,2026-07-22T16:59:33,2026-07-22T17:20:11,buy,0.01,0.01,XAUUSDm,4146.69,4142.705,4142.705,,,,-3.98,,,sl
413242761,2026-07-22T17:18:26,2026-07-22T17:19:20,buy,0.01,0.01,XAUUSDm,4144.577,4142.791,4142.791,,,,-1.79,,,sl
413240961,2026-07-22T17:12:54,2026-07-22T17:17:36,buy,0.01,0.01,XAUUSDm,4144.634,4143.024,4143.024,,,,-1.61,,,sl
413233513,2026-07-22T16:53:52,2026-07-22T16:56:43,buy,0.01,0.01,XAUUSDm,4147.331,4146.3730000000005,4145.341,4147.618,,,-0.96,,,user
413229598,2026-07-22T16:44:07,2026-07-22T16:47:41,sell,0.01,0.01,XAUUSDm,4147.642,4146.653,4150.661,,,,0.99,,,user
413225174,2026-07-22T16:36:39,2026-07-22T16:39:27,sell,0.01,0.01,XAUUSDm,4145.235,4148.779,4148.779,,,,-3.54,,,sl
413219347,2026-07-22T16:28:15,2026-07-22T16:33:32,buy,0.01,0.01,XAUUSDm,4150.052,4146.547,4146.547,,,,-3.5,,,sl
413212871,2026-07-22T16:18:00,2026-07-22T16:21:04,buy,0.01,0.01,XAUUSDm,4153.856,4154.261,4151.048,,,,0.4,,,user
413196119,2026-07-22T15:53:28,2026-07-22T16:06:28,sell,0.01,0.01,XAUUSDm,4164.039,4159.282999999999,4162.484,,,,4.76,,,user
413184996,2026-07-22T15:40:03,2026-07-22T15:40:35,sell,0.01,0.01,XAUUSDm,4157.369,4159.456,4162.1,,,,-2.09,,,user
412929290,2026-07-22T10:32:14,2026-07-22T10:35:12,buy,0.01,0.01,USOILm,86.406,86.489,86.254,,,,0.83,,,user
412912575,2026-07-22T09:54:05,2026-07-22T10:07:47,sell,0.01,0.01,USOILm,87.796,87.375,87.601,,,,4.21,,,user
412909263,2026-07-22T09:44:15,2026-07-22T09:51:17,sell,0.01,0.01,USOILm,87.183,87.688,87.688,84.571,,,-5.05,,,sl
412771162,2026-07-22T06:06:40,2026-07-22T06:28:47,sell,0.01,0.01,XAUUSDm,4132.103,4118.031,4122.596,,,,14.07,,,user
412760413,2026-07-22T05:54:51,2026-07-22T06:00:17,sell,0.01,0.01,XAUUSDm,4129.663,4134.421,4134.421,,,,-4.76,,,sl
412500633,2026-07-21T18:41:04,2026-07-21T18:47:36,buy,0.01,0.01,XAUUSDm,4082.843,4080.782,4080.782,,,,-2.06,,,sl
412496042,2026-07-21T18:27:21,2026-07-21T18:34:19,sell,0.01,0.01,XAUUSDm,4085.64,4085.611,4085.611,,,,0.03,,,sl
412480322,2026-07-21T17:37:03,2026-07-21T17:40:23,buy,0.01,0.01,XAUUSDm,4070.029,4068.535,4068.535,,,,-1.49,,,sl
412467469,2026-07-21T16:48:03,2026-07-21T17:00:57,buy,0.01,0.01,XAUUSDm,4070.989,4071.026,4071.026,,,,0.04,,,sl
412465850,2026-07-21T16:45:09,2026-07-21T16:47:20,buy,0.01,0.01,XAUUSDm,4072.678,4069.977,4069.977,,,,-2.7,,,sl
412463633,2026-07-21T16:39:29,2026-07-21T16:42:11,buy,0.01,0.01,XAUUSDm,4074.117,4073.745,4070.952,,,,-0.37,,,user
412434603,2026-07-21T15:37:16,2026-07-21T15:46:20,sell,0.01,0.01,XAUUSDm,4082.041,4075.855,4081.818,,,,6.18,,,user
412430732,2026-07-21T15:33:33,2026-07-21T15:37:05,sell,0.01,0.01,XAUUSDm,4077.539,4083.632,4083.632,,,,-6.09,,,sl
411676619,2026-07-20T17:02:37,2026-07-20T17:16:36,sell,0.01,0.01,XAUUSDm,4010.74,4010.672,4010.672,4001.284,,,0.07,,,sl
411665066,2026-07-20T16:38:42,2026-07-20T16:41:23,buy,0.01,0.01,XAUUSDm,4011.476,4005.4900000000002,4008.992,,,,-5.99,,,sl
411467935,2026-07-20T12:31:08,2026-07-20T14:55:12,buy,0.05,0.05,USDCADm,1.40493,1.40521,1.40493,1.40521,,,1,,,tp
411410529,2026-07-20T11:37:19,2026-07-20T11:38:52,sell,0.01,0.01,XAUUSDm,4031.417,4032.164,4032.164,,,,-0.74,,,sl
411308762,2026-07-20T08:42:19,2026-07-20T08:52:21,sell,0.01,0.01,XAUUSDm,4022.87,4019.165,4025.688,,,,3.7,,,user
411287902,2026-07-20T08:19:23,2026-07-20T08:24:38,sell,0.01,0.01,XAUUSDm,4026.028,4026.106,4026.106,,,,-0.08,,,sl
411235087,2026-07-20T07:25:17,2026-07-20T07:32:50,buy,0.01,0.01,XAUUSDm,4005.781,4009.292,4005.796,,,,3.51,,,user
411231632,2026-07-20T07:22:45,2026-07-20T07:25:02,buy,0.01,0.01,XAUUSDm,4006.342,4005.763,4006.382,,,,-0.58,,,sl
410642102,2026-07-17T17:02:30,2026-07-17T17:58:50,sell,0.01,0.01,XAUUSDm,4017.599,4009.517,4015.521,,,,8.08,,,user
410640055,2026-07-17T16:58:54,2026-07-17T17:01:23,sell,0.01,0.01,XAUUSDm,4015.433,4018.309,4018.309,,,,-2.88,,,sl
410638610,2026-07-17T16:54:26,2026-07-17T16:57:00,sell,0.01,0.01,XAUUSDm,4016.475,4016.419,4016.402,,,,0.06,,,sl
410607850,2026-07-17T16:04:57,2026-07-17T16:09:19,sell,0.01,0.01,XAUUSDm,4016.71,4017.983,4017.983,,,,-1.27,,,sl
410602755,2026-07-17T16:01:15,2026-07-17T16:04:29,sell,0.01,0.01,XAUUSDm,4014.517,4017.616,4017.616,,,,-3.1,,,sl
410600047,2026-07-17T15:57:42,2026-07-17T16:00:00,sell,0.01,0.01,XAUUSDm,4017.971,4019.757,4019.757,,,,-1.79,,,sl
410594565,2026-07-17T15:51:14,2026-07-17T15:52:51,sell,0.01,0.01,XAUUSDm,4018.193,4019.906,4019.906,,,,-1.72,,,sl
410591563,2026-07-17T15:47:54,2026-07-17T15:50:12,sell,0.01,0.01,XAUUSDm,4016.181,4018.637,4018.637,,,,-2.46,,,sl
410585465,2026-07-17T15:39:56,2026-07-17T15:41:22,sell,0.01,0.01,XAUUSDm,4014.622,4014.601,4014.601,,,,0.02,,,sl
410577788,2026-07-17T15:31:37,2026-07-17T15:36:23,sell,0.01,0.01,XAUUSDm,4014.489,4014.463,4014.463,,,,0.03,,,sl
410386961,2026-07-17T13:02:13,2026-07-17T13:07:48,buy,0.01,0.01,XAUUSDm,3962.209,3972.011,3969.275,,,,9.8,,,user
410370591,2026-07-17T12:51:02,2026-07-17T12:58:07,buy,0.01,0.01,XAUUSDm,3966.403,3968.441,3968.441,,,,2.04,,,sl
410361724,2026-07-17T12:45:38,2026-07-17T12:50:27,buy,0.01,0.01,XAUUSDm,3967.713,3964.677,3964.677,,,,-3.03,,,sl
410360138,2026-07-17T12:44:47,2026-07-17T12:45:12,buy,0.01,0.01,XAUUSDm,3969.618,3966.013,3966.013,,,,-3.61,,,sl
409857197,2026-07-16T19:59:08,2026-07-16T20:05:40,buy,0.01,0.01,XAUUSDm,3979.42,3976.423,3976.423,,,,-3,,,sl
409851262,2026-07-16T19:38:46,2026-07-16T19:55:53,buy,0.01,0.01,XAUUSDm,3972.56,3978.676,3977.606,,,,6.12,,,user
409850618,2026-07-16T19:37:05,2026-07-16T19:38:13,buy,0.01,0.01,XAUUSDm,3971.455,3969.451,3969.451,,,,-2.01,,,sl
409805776,2026-07-16T17:28:40,2026-07-16T17:32:59,buy,0.01,0.01,XAUUSDm,3986.944,3984.343,3984.343,,,,-2.6,,,sl
409800223,2026-07-16T17:17:47,2026-07-16T17:24:05,buy,0.01,0.01,XAUUSDm,3987.291,3986.633,3986.633,,,,-0.66,,,sl
409788868,2026-07-16T16:56:02,2026-07-16T17:13:04,sell,0.01,0.01,XAUUSDm,3995.593,3987.549,3987.549,,,,8.04,,,sl
409787101,2026-07-16T16:53:50,2026-07-16T16:55:11,sell,0.01,0.01,XAUUSDm,3994.648,3995.858,3995.858,,,,-1.21,,,sl
409781963,2026-07-16T16:45:50,2026-07-16T16:50:23,sell,0.01,0.01,XAUUSDm,3990.356,3993.319,3993.319,3982.026,,,-2.96,,,sl
409779550,2026-07-16T16:42:05,2026-07-16T16:44:50,sell,0.01,0.01,XAUUSDm,3988.241,3992.095,3992.095,,,,-3.86,,,sl
409717159,2026-07-16T15:35:42,2026-07-16T15:38:05,sell,0.01,0.01,XAUUSDm,4014.612,4014.585,4014.585,,,,0.02,,,sl
409710308,2026-07-16T15:28:51,2026-07-16T15:33:34,sell,0.01,0.01,XAUUSDm,4012.485,4012.48,4012.48,3973.779,,,0.01,,,sl
409691627,2026-07-16T15:14:24,2026-07-16T15:17:31,sell,0.01,0.01,XAUUSDm,3990.954,3995.937,3995.937,3973.679,,,-4.99,,,sl
409654478,2026-07-16T14:31:59,2026-07-16T14:33:42,sell,0.01,0.01,XAUUSDm,3998.587,4000.862,4000.862,3973.655,,,-2.27,,,sl
409290291,2026-07-16T08:07:18,2026-07-16T08:11:17,sell,0.01,0.01,XAUUSDm,4030.305,4027.701,4033.082,,,,2.61,,,user
409284146,2026-07-16T08:00:53,2026-07-16T08:02:04,sell,0.01,0.01,XAUUSDm,4030.161,4032.546,4032.546,4022.691,,,-2.39,,,sl
408610332,2026-07-15T12:30:08,2026-07-15T12:34:18,buy,0.04,0.04,XAUUSDm,4049.093,4053.389,4042.886,,,,17.19,,,user
408398160,2026-07-15T06:48:07,2026-07-15T06:53:23,sell,0.01,0.01,XAUUSDm,4030.247,4033.617,4033.617,4021.227,,,-3.37,,,sl
408367497,2026-07-15T06:06:52,2026-07-15T06:26:11,sell,0.01,0.01,XAUUSDm,4028.834,4027.7239999999997,4029.422,4021.129,,,1.11,,,user
408100539,2026-07-14T18:27:06,2026-07-14T18:30:27,sell,0.01,0.01,XAUUSDm,4058.582,4059.688,4059.688,,,,-1.11,,,sl
408088281,2026-07-14T17:48:28,2026-07-14T18:24:16,buy,0.01,0.01,XAUUSDm,4061.677,4058.384,4058.384,,,,-3.3,,,sl
408086658,2026-07-14T17:44:35,2026-07-14T17:45:54,buy,0.01,0.01,XAUUSDm,4060.461,4058.675,4058.675,,,,-1.78,,,sl
408075179,2026-07-14T17:17:37,2026-07-14T17:42:34,buy,0.01,0.01,XAUUSDm,4056.216,4059.717,4059.717,,,,3.5,,,sl
408069816,2026-07-14T17:09:25,2026-07-14T17:14:20,buy,0.01,0.01,XAUUSDm,4058.664,4056.083,4056.878,,,,-2.58,,,sl
408057633,2026-07-14T16:40:54,2026-07-14T17:04:15,buy,0.01,0.01,XAUUSDm,4060.979,4060.254,4060.254,,,,-0.73,,,sl
407835268,2026-07-14T12:48:24,2026-07-14T12:56:09,sell,0.01,0.01,XAUUSDm,4084.485,4075.004,4079.565,,,,9.49,,,user
407824035,2026-07-14T12:41:22,2026-07-14T12:42:42,buy,0.01,0.01,XAUUSDm,4086.822,4088.626,4084.64,,,,1.81,,,user
407821169,2026-07-14T12:39:37,2026-07-14T12:41:08,buy,0.01,0.01,XAUUSDm,4085.941,4085.67,4085.67,,,,-0.27,,,sl
407804993,2026-07-14T12:32:41,2026-07-14T12:36:17,buy,0.01,0.01,XAUUSDm,4094.763,4090.011,4090.011,,,,-4.75,,,sl
407584269,2026-07-14T06:39:52,2026-07-14T07:00:02,buy,0.01,0.01,XAUUSDm,4024.362,4022.553,4022.553,,,,-1.81,,,sl
407581359,2026-07-14T06:33:30,2026-07-14T06:38:40,buy,0.01,0.01,XAUUSDm,4025.729,4023.063,4023.063,,,,-2.67,,,sl
407260673,2026-07-13T16:57:11,2026-07-13T17:40:26,buy,0.01,0.01,XAUUSDm,3990.761,3996.278,3996.278,,,,5.52,,,sl
407244573,2026-07-13T16:39:53,2026-07-13T16:46:18,buy,0.01,0.01,XAUUSDm,3996.595,4001.373,3996.078,,,,4.77,,,user
407133790,2026-07-13T14:29:17,2026-07-13T14:31:50,buy,0.01,0.01,XAUUSDm,4019.789,4008.87,4010.281,,,,-10.92,,,sl
407102113,2026-07-13T14:16:58,2026-07-13T14:24:35,sell,0.01,0.01,XAUUSDm,4011.684,4021.2,4021.2,,,,-9.52,,,sl
407087930,2026-07-13T14:09:11,2026-07-13T14:16:44,buy,0.01,0.01,XAUUSDm,4034.891,4028.625,4028.625,,,,-6.26,,,sl
407073256,2026-07-13T14:01:17,2026-07-13T14:02:07,sell,0.01,0.01,XAUUSDm,4042.096,4042.1859999999997,4048.357,,,,-0.09,,,user
407059891,2026-07-13T13:52:44,2026-07-13T13:59:30,buy,0.01,0.01,XAUUSDm,4048.978,4044.364,4042.129,,,,-4.62,,,user
406896317,2026-07-13T10:43:21,2026-07-13T11:00:51,buy,0.01,0.01,XAUUSDm,4055.5,4059.3050000000003,4051.046,,,,3.81,,,user
406777680,2026-07-13T07:37:38,2026-07-13T07:37:43,buy,0.01,0.01,XAUUSDm,4061.338,4061.587,,,,,0.25,,,user
406760224,2026-07-13T07:04:54,2026-07-13T07:26:43,buy,0.01,0.01,XAUUSDm,4054.094,4057.7380000000003,4048.807,,,,3.65,,,user
406753579,2026-07-13T06:59:37,2026-07-13T07:01:44,buy,0.01,0.01,XAUUSDm,4054.56,4051.713,4051.713,,,,-2.85,,,sl
406726081,2026-07-13T06:22:42,2026-07-13T06:33:39,buy,0.01,0.01,XAUUSDm,4056.371,4060.029,4048.731,,,,3.66,,,user
406718469,2026-07-13T06:11:26,2026-07-13T06:19:41,sell,0.01,0.01,XAUUSDm,4051.681,4053.4269999999997,4054.811,,,,-1.75,,,user
406632638,2026-07-13T04:32:25,2026-07-13T06:05:26,buy,0.01,0.01,XAUUSDm,4056.339,4048.353,4048.353,,,,-7.99,,,sl
405424414,2026-07-09T17:30:24,2026-07-09T17:38:21,buy,0.01,0.01,XAUUSDm,4132.887,4133.924,4127.471,4133.924,,,1.03,,,tp
405403670,2026-07-09T16:34:42,2026-07-09T17:29:02,sell,0.01,0.01,XAUUSDm,4134.703,4130.42,4130.42,,,,4.28,,,sl
405403554,2026-07-09T16:34:27,2026-07-09T16:34:35,buy,0.01,0.01,XAUUSDm,4135.513,4135.301,,,,,-0.21,,,user
405317738,2026-07-09T14:19:55,2026-07-09T14:24:16,sell,0.01,0.01,XAUUSDm,4117.085,4121.866,4125.093,,,,-4.78,,,user
405182223,2026-07-09T12:13:12,2026-07-09T12:22:52,sell,0.01,0.01,XAUUSDm,4116.261,4106.431,4121.111,,,,9.83,,,user
404676238,2026-07-08T17:20:08,2026-07-08T17:22:31,sell,0.01,0.01,XAUUSDm,4066.313,4070.816,4070.816,,,,-4.51,,,sl
404671330,2026-07-08T17:10:10,2026-07-08T17:14:21,sell,0.01,0.01,XAUUSDm,4065.134,4069.705,4069.705,,,,-4.58,,,sl
404664392,2026-07-08T16:57:23,2026-07-08T17:06:33,sell,0.01,0.01,XAUUSDm,4061.719,4064.756,4064.756,,,,-3.04,,,sl
404654211,2026-07-08T16:43:15,2026-07-08T16:48:21,buy,0.01,0.01,XAUUSDm,4051.759,4055.879,4046.27,,,,4.12,,,user
404616240,2026-07-08T15:43:42,2026-07-08T16:08:33,buy,0.01,0.01,XAUUSDm,4031.865,4037.773,4021.81,4046.685,,,5.9,,,user
404603304,2026-07-08T15:30:18,2026-07-08T15:30:41,buy,0.01,0.01,XAUUSDm,4029.538,4023.433,4024.393,,,,-6.11,,,sl
404538375,2026-07-08T14:31:53,2026-07-08T14:33:49,sell,0.01,0.01,XAUUSDm,4055.665,4053.647,4062.101,4041.289,,,2.02,,,user
404535446,2026-07-08T14:28:29,2026-07-08T14:30:39,buy,0.01,0.01,XAUUSDm,4062.839,4058.211,4058.211,4080.11,,,-4.63,,,sl
404405696,2026-07-08T11:54:06,2026-07-08T12:14:35,buy,0.01,0.01,XAUUSDm,4062.301,4071.444,4058.519,,,,9.14,,,user
404391107,2026-07-08T11:43:49,2026-07-08T11:49:37,buy,0.01,0.01,XAUUSDm,4055.901,4061.762,4061.504,4120.096,,,5.86,,,user
404213161,2026-07-08T08:24:55,2026-07-08T08:41:28,sell,0.01,0.01,XAUUSDm,4084.398,4065.843,4094.609,,,,18.56,,,user
404208790,2026-07-08T08:22:18,2026-07-08T08:23:59,buy,0.01,0.01,XAUUSDm,4091.2,4084.945,4084.945,,,,-6.25,,,sl
404122632,2026-07-08T06:24:12,2026-07-08T06:30:11,buy,0.01,0.01,XAUUSDm,4131.317,4128.313,4128.313,4141.649,,,-3.01,,,sl
403818416,2026-07-07T17:27:43,2026-07-07T17:27:59,sell,0.01,0.01,XAUUSDm,4144.737,4146.1,4146.1,,,,-1.36,,,sl
403816745,2026-07-07T17:22:50,2026-07-07T17:24:10,sell,0.01,0.01,XAUUSDm,4142.65,4144.663,4144.663,4135.75,,,-2.01,,,sl
403802329,2026-07-07T16:36:06,2026-07-07T16:46:06,buy,0.01,0.01,XAGUSDm,60.892,60.783,60.784,,,,-5.45,,,sl
